{
  "train_loss": [
    0.246543302377065,
    0.10155942891836166,
    0.0718951801498731,
    0.05429863379796346,
    0.04175644063949585,
    0.032105426577727,
    0.023998118285338085,
    0.020229732116063437,
    0.014316505495707194,
    0.009809526006380716,
    0.006589310002326965,
    0.004694562955697377,
    0.00308980229695638,
    0.0021833755731582643,
    0.0017245859543482463,
    0.0011219118356704711,
    0.0009182811896006266,
    0.0007904538631439209,
    0.0006868799686431885,
    0.0006260632912317912,
    0.000567016879717509,
    0.0005216117143630981,
    0.00048162593841552737,
    0.0004451656421025594,
    0.0004211503108342489,
    0.000394222362836202,
    0.0003730076233545939,
    0.0003548256079355876,
    0.0003337920347849528,
    0.0003170278310775757
  ],
  "test_loss": [
    0.12174014784395695,
    0.09750118143856526,
    0.10338753722608089,
    0.08747175820171833,
    0.07756952829658985,
    0.07701465087011457,
    0.07898735608905554,
    0.08651869986206293,
    0.08653150210157037,
    0.08319736327975988,
    0.08192295469343662,
    0.07956720786169172,
    0.08338736612349748,
    0.08184025138616562,
    0.08373709209263325,
    0.08481455817818642,
    0.08535097613930702,
    0.08608255330473184,
    0.08634811397641898,
    0.08767237942665815,
    0.08865733239799738,
    0.08889316171407699,
    0.08982035592198372,
    0.0901358937844634,
    0.09044899214059114,
    0.09105087593197822,
    0.09177397675812245,
    0.09241470880806446,
    0.09273480102419854,
    0.09342786893248559
  ],
  "train_accuracy": [
    0.92615,
    0.9695,
    0.9777,
    0.9826833333333334,
    0.9868666666666667,
    0.99035,
    0.9924333333333333,
    0.9936666666666667,
    0.9957333333333334,
    0.9975666666666667,
    0.99855,
    0.99915,
    0.9996,
    0.99985,
    0.9998166666666667,
    0.9999666666666667,
    0.9999666666666667,
    1.0,
    1.0,
    1.0,
    1.0,
    1.0,
    1.0,
    1.0,
    1.0,
    1.0,
    1.0,
    1.0,
    1.0,
    1.0
  ],
  "test_accuracy": [
    0.9634,
    0.9689,
    0.9675,
    0.9733,
    0.9751,
    0.9767,
    0.9768,
    0.9757,
    0.9765,
    0.9778,
    0.9795,
    0.9794,
    0.9793,
    0.9799,
    0.9802,
    0.9806,
    0.9804,
    0.9805,
    0.9804,
    0.9806,
    0.9808,
    0.9802,
    0.9802,
    0.9807,
    0.9805,
    0.9806,
    0.9803,
    0.9806,
    0.9804,
    0.9806
  ],
  "grad_norms": [
    1.5284599398683327,
    1.150277201550387,
    1.038114431681466,
    0.9521580207241455,
    0.8593277872448987,
    0.7766897157522551,
    0.6893695366083156,
    0.6492475198357986,
    0.5356396104780938,
    0.4097455453718237,
    0.3180975961983636,
    0.24642164815624398,
    0.17587354071030709,
    0.12746592497676612,
    0.10392947429411727,
    0.06686316739023425,
    0.05488379094278045,
    0.0488387840375013,
    0.04232166610958939,
    0.039337602995227455,
    0.03600499563213063,
    0.03351279621958354,
    0.030919493140703618,
    0.028677143734968987,
    0.02774766854247656,
    0.025964652240979717,
    0.024368572691603738,
    0.023522951936213923,
    0.022315286786836742,
    0.02126893565825226
  ],
  "epochs": [
    1,
    2,
    3,
    4,
    5,
    6,
    7,
    8,
    9,
    10,
    11,
    12,
    13,
    14,
    15,
    16,
    17,
    18,
    19,
    20,
    21,
    22,
    23,
    24,
    25,
    26,
    27,
    28,
    29,
    30
  ]
}