{
  "train_loss": [
    0.14718388920724393,
    0.06174931779901187,
    0.04644653488174081,
    0.03777298808932925,
    0.03141441951310262,
    0.02572226405258601,
    0.02253910694271326,
    0.019191334207883725,
    0.01659162976735194,
    0.014856140036073823,
    0.012894256206116794,
    0.011251526708739888,
    0.010079954879679038,
    0.009030472772333693,
    0.007939973470823194,
    0.007290169742468667,
    0.006580239447440302,
    0.00618530935595821,
    0.005639457496123456,
    0.005265310021482098,
    0.005004880677824258,
    0.004722434475290842,
    0.004554436623438111,
    0.004306613969505997,
    0.004280997937280032,
    0.004057913325026311,
    0.0039645259358983215,
    0.00383747577152814,
    0.003767490570236017,
    0.0036929917420009586
  ],
  "test_loss": [
    0.07351291198283434,
    0.05412800367921591,
    0.05153061328455806,
    0.04613591711968183,
    0.04368574200198054,
    0.039471044577658175,
    0.039215073082596065,
    0.03882475541904569,
    0.03810035223141313,
    0.03726387228816748,
    0.03641253169625998,
    0.03598560886457562,
    0.034139661304652694,
    0.035255355900153516,
    0.03470188165083528,
    0.034913028869777915,
    0.035416558664292094,
    0.03487729080952704,
    0.0341764934360981,
    0.035610517300665376,
    0.03413524124771357,
    0.033774901926517484,
    0.03408460272476077,
    0.034373814240098,
    0.03404169692657888,
    0.03440099321305752,
    0.03477136138826609,
    0.03395113302394748,
    0.03460881435312331,
    0.034813696844503285
  ],
  "train_accuracy": [
    0.8988333333333334,
    0.9609666666666666,
    0.9707666666666667,
    0.9767833333333333,
    0.9811833333333333,
    0.9849833333333333,
    0.9866833333333334,
    0.9887166666666667,
    0.9907666666666667,
    0.9916,
    0.9929333333333333,
    0.9939,
    0.9948,
    0.9954,
    0.9959166666666667,
    0.9962166666666666,
    0.9966,
    0.9967833333333334,
    0.9970166666666667,
    0.9972333333333333,
    0.9973833333333333,
    0.9975,
    0.9975666666666667,
    0.9977,
    0.9976666666666667,
    0.9978,
    0.9978166666666667,
    0.9979166666666667,
    0.9979333333333333,
    0.998
  ],
  "test_accuracy": [
    0.9529,
    0.9645,
    0.9678,
    0.9696,
    0.9715,
    0.9745,
    0.9745,
    0.9744,
    0.9759,
    0.9758,
    0.9762,
    0.9771,
    0.9778,
    0.9772,
    0.9781,
    0.978,
    0.9772,
    0.9767,
    0.9781,
    0.9766,
    0.9784,
    0.9785,
    0.978,
    0.9778,
    0.9779,
    0.9787,
    0.9775,
    0.979,
    0.9786,
    0.9779
  ],
  "grad_norms": [
    0.900215528982812,
    0.7141704226342553,
    0.6509039600914495,
    0.5933993375940495,
    0.5614778522124919,
    0.5036411743103382,
    0.4840049739588956,
    0.4448172820179595,
    0.3901144867838912,
    0.3775214592492845,
    0.340855669059861,
    0.30553935376262675,
    0.27550174262711924,
    0.246176144763942,
    0.2034825167944161,
    0.1879151982584601,
    0.16253737148020372,
    0.14787033108792055,
    0.12616452620520538,
    0.10908646804376781,
    0.09969295169159254,
    0.08535916771046842,
    0.0822513967709719,
    0.06566841538428443,
    0.07095200499187984,
    0.058850923961274136,
    0.05710714403566476,
    0.054079728410065066,
    0.052215480317838514,
    0.05068073058541359
  ],
  "epochs": [
    1,
    2,
    3,
    4,
    5,
    6,
    7,
    8,
    9,
    10,
    11,
    12,
    13,
    14,
    15,
    16,
    17,
    18,
    19,
    20,
    21,
    22,
    23,
    24,
    25,
    26,
    27,
    28,
    29,
    30
  ]
}