{
  "loss_name": "MSE",
  "epochs": [
    1,
    2,
    3,
    4,
    5,
    6,
    7,
    8,
    9,
    10,
    11,
    12,
    13,
    14,
    15,
    16,
    17,
    18,
    19,
    20
  ],
  "mean_grad_norm": [
    0.9002155289828123,
    0.7141704226342549,
    0.6509039600914505,
    0.59339933759405,
    0.561477852212492,
    0.5036411743103384,
    0.4840049739588959,
    0.4448172820179591,
    0.390114486783891,
    0.37752145924928454,
    0.34085566905986076,
    0.30553935376262686,
    0.27550174262711913,
    0.24617614476394198,
    0.203482516794416,
    0.18791519825846031,
    0.16253737148020367,
    0.1478703310879207,
    0.1261645262052055,
    0.10908646804376806
  ],
  "std_grad_norm": [
    0.23457752933388712,
    0.2309182975993686,
    0.2441437729699168,
    0.259690631388883,
    0.2597630000550501,
    0.26505881516821794,
    0.273582740567892,
    0.27484192945941277,
    0.26503811343602784,
    0.274229916906253,
    0.2614155608021404,
    0.26081346130637556,
    0.24033564533892504,
    0.23598190802066946,
    0.20480742338457145,
    0.2004072724281591,
    0.18709589092937665,
    0.18037299186455236,
    0.1591045130351629,
    0.14186744566867682
  ],
  "min_grad_norm": [
    0.2360044473648116,
    0.08336638907636944,
    0.03752566271576932,
    0.015213864889982182,
    0.007167175340411088,
    0.006010916979351724,
    0.009301510525622362,
    0.0048791437639292955,
    0.004754961146405368,
    0.005388304502889422,
    0.002949726299217964,
    0.0005878048736587175,
    0.00039828250333977716,
    0.000842341555006338,
    5.4825854548544494e-05,
    0.00041353016569995084,
    0.00018926667406722334,
    0.0013054372860990251,
    0.00033108789896003985,
    0.0003624103589646705
  ],
  "max_grad_norm": [
    1.763617748069402,
    1.5229883604012848,
    1.5520457744937675,
    1.6926769070810557,
    1.5437492960074495,
    1.450329928419725,
    1.854768999985576,
    1.3790542898808196,
    1.275022192533538,
    1.4658917012420623,
    1.1680426172989402,
    1.2074485535654111,
    1.2521616800424196,
    1.5244621971872954,
    1.7607802647701198,
    1.2751585167191697,
    1.2431171767919065,
    1.1865022709414552,
    1.1288582402994058,
    0.9712696169135414
  ],
  "train_loss": [
    0.14718388920724393,
    0.06174931779901187,
    0.04644653488174081,
    0.03777298808932925,
    0.03141441951310262,
    0.02572226405258601,
    0.02253910694271326,
    0.019191334207883725,
    0.01659162976735194,
    0.014856140036073823,
    0.012894256206116794,
    0.011251526708739888,
    0.010079954879679038,
    0.009030472772333693,
    0.007939973470823194,
    0.007290169742468667,
    0.006580239447440302,
    0.00618530935595821,
    0.005639457496123456,
    0.005265310021482098
  ],
  "train_accuracy": [
    0.8988333333333334,
    0.9609666666666666,
    0.9707666666666667,
    0.9767833333333333,
    0.9811833333333333,
    0.9849833333333333,
    0.9866833333333334,
    0.9887166666666667,
    0.9907666666666667,
    0.9916,
    0.9929333333333333,
    0.9939,
    0.9948,
    0.9954,
    0.9959166666666667,
    0.9962166666666666,
    0.9966,
    0.9967833333333334,
    0.9970166666666667,
    0.9972333333333333
  ]
}