{
  "loss_name": "CE",
  "epochs": [
    1,
    2,
    3,
    4,
    5,
    6,
    7,
    8,
    9,
    10,
    11,
    12,
    13,
    14,
    15,
    16,
    17,
    18,
    19,
    20
  ],
  "mean_grad_norm": [
    1.528459939868333,
    1.1502772015503853,
    1.0381144316814652,
    0.9521580207241451,
    0.8593277872448997,
    0.7766897157522551,
    0.6893695366083155,
    0.6492475198357983,
    0.5356396104780936,
    0.4097455453718241,
    0.3180975961983635,
    0.24642164815624393,
    0.17587354071030686,
    0.1274659249767661,
    0.10392947429411738,
    0.06686316739023429,
    0.054883790942780536,
    0.04883878403750122,
    0.04232166610958938,
    0.03933760299522747
  ],
  "std_grad_norm": [
    0.5385665198880945,
    0.412436601795579,
    0.44119966238078406,
    0.4648451330504411,
    0.48009449833515444,
    0.47683934106282894,
    0.49413045635147945,
    0.5039317693131088,
    0.45784051895645483,
    0.3988361147702175,
    0.35034817209621605,
    0.2941407696800817,
    0.22041662400200393,
    0.1656066546416218,
    0.15030367777338,
    0.07309588202986389,
    0.05890389214553853,
    0.04757967016350803,
    0.03689549546577009,
    0.03470342912633701
  ],
  "min_grad_norm": [
    0.38252032818662846,
    0.13886888710224546,
    0.062264260544838634,
    0.07316056314601325,
    0.012015601217831656,
    0.023015127262765785,
    0.007023461851165511,
    0.01081939069294711,
    0.012177725657973662,
    0.01178909455337314,
    0.0032222923968375982,
    0.0019390903646310052,
    0.002417216457383413,
    0.0015290620666777866,
    0.0010698302020007268,
    0.0010452847638695035,
    0.0008451655238637129,
    0.0010127920973719313,
    0.0005198699391304777,
    0.0009510663220322111
  ],
  "max_grad_norm": [
    6.337466817654694,
    2.6184655426433947,
    3.0173581154255995,
    3.254875620377083,
    2.784883363725386,
    2.4541559133173227,
    2.908942390250554,
    3.375162920121201,
    3.0607886266269264,
    2.2315402172491177,
    2.3717083682928415,
    1.825965087703394,
    1.5314971260232955,
    1.468935286600376,
    1.4532694886455855,
    0.8085073789586666,
    0.9752919073319668,
    0.6063474561719389,
    0.4380569342654029,
    0.5124326642559929
  ],
  "train_loss": [
    0.246543302377065,
    0.10155942891836166,
    0.0718951801498731,
    0.05429863379796346,
    0.04175644063949585,
    0.032105426577727,
    0.023998118285338085,
    0.020229732116063437,
    0.014316505495707194,
    0.009809526006380716,
    0.006589310002326965,
    0.004694562955697377,
    0.00308980229695638,
    0.0021833755731582643,
    0.0017245859543482463,
    0.0011219118356704711,
    0.0009182811896006266,
    0.0007904538631439209,
    0.0006868799686431885,
    0.0006260632912317912
  ],
  "train_accuracy": [
    0.92615,
    0.9695,
    0.9777,
    0.9826833333333334,
    0.9868666666666667,
    0.99035,
    0.9924333333333333,
    0.9936666666666667,
    0.9957333333333334,
    0.9975666666666667,
    0.99855,
    0.99915,
    0.9996,
    0.99985,
    0.9998166666666667,
    0.9999666666666667,
    0.9999666666666667,
    1.0,
    1.0,
    1.0
  ]
}