{
  "0.0001": {
    "mse": {
      "train_loss": 0.13489514071941375,
      "test_loss": 0.12768438085913658,
      "loss": 0.12768438085913658,
      "acc": 0.9182,
      "diverged": false,
      "status": "ok"
    },
    "ce": {
      "train_loss": 0.22326939401626586,
      "test_loss": 0.21403059959411622,
      "loss": 0.21403059959411622,
      "acc": 0.9396,
      "diverged": false,
      "status": "ok"
    }
  },
  "0.001": {
    "mse": {
      "train_loss": 0.04728851210052768,
      "test_loss": 0.054475955478847024,
      "loss": 0.054475955478847024,
      "acc": 0.9649,
      "diverged": false,
      "status": "ok"
    },
    "ce": {
      "train_loss": 0.060655302210648854,
      "test_loss": 0.08832250814884901,
      "loss": 0.08832250814884901,
      "acc": 0.9744,
      "diverged": false,
      "status": "ok"
    }
  },
  "0.01": {
    "mse": {
      "train_loss": 0.007939973470823194,
      "test_loss": 0.03470188165083528,
      "loss": 0.03470188165083528,
      "acc": 0.9781,
      "diverged": false,
      "status": "ok"
    },
    "ce": {
      "train_loss": 0.0017245859543482463,
      "test_loss": 0.08373709209263325,
      "loss": 0.08373709209263325,
      "acc": 0.9802,
      "diverged": false,
      "status": "ok"
    }
  },
  "0.1": {
    "mse": {
      "train_loss": 1.7988333333333333,
      "test_loss": 1.799400007724762,
      "loss": 1.799400007724762,
      "acc": 0.1003,
      "diverged": false,
      "status": "ok"
    },
    "ce": {
      "train_loss": 2.3050639868418377,
      "test_loss": 2.3040762186050414,
      "loss": 2.3040762186050414,
      "acc": 0.098,
      "diverged": false,
      "status": "ok"
    }
  },
  "0.5": {
    "mse": {
      "train_loss": 1.7911666666666666,
      "test_loss": 1.7943999886512756,
      "loss": 1.7943999886512756,
      "acc": 0.1028,
      "diverged": false,
      "status": "ok"
    },
    "ce": {
      "train_loss": 2.3192790148417153,
      "test_loss": 2.3122174024581907,
      "loss": 2.3122174024581907,
      "acc": 0.0958,
      "diverged": false,
      "status": "ok"
    }
  }
}