{
  "mse_history": {
    "train_loss": [
      0.9054215068817139,
      0.631614233493805,
      0.4842929861545563,
      0.35704854273796083,
      0.2073326987028122,
      0.14227033305168152,
      0.10670603168010712,
      0.08479374217987061,
      0.07039745596051217,
      0.05891397172212601,
      0.05116712683439255,
      0.04399307602643967,
      0.03866927820444107,
      0.03442062970995903,
      0.0308803867995739,
      0.027705303251743318,
      0.02578708380460739,
      0.024199008285999298,
      0.022783950924873352,
      0.021628324121236803,
      0.020593080148100854,
      0.019448697514832018,
      0.018535683073103427,
      0.01770429193973541,
      0.016868481248617173,
      0.01615041109919548,
      0.015597512237727642,
      0.015052856296300888,
      0.014516289060935378,
      0.014163843706250191,
      0.013898842561990022,
      0.01364501209370792,
      0.013366504274308681,
      0.013138242051005363,
      0.012890897821635008,
      0.012690493497997522,
      0.012426994081586599,
      0.012237352421507239,
      0.01201152410171926,
      0.011786044724285603,
      0.011438723929226399,
      0.01125617492198944,
      0.010920091116800904,
      0.010772227650508285,
      0.01065442780032754,
      0.01052373862080276,
      0.010420296218246222,
      0.010334887813776731,
      0.010248758153058589,
      0.010149906612932682
    ],
    "test_loss": [
      0.7572946429252625,
      0.5899207472801209,
      0.47617864012718203,
      0.3538321956992149,
      0.24930053800344468,
      0.22200160771608352,
      0.20571001172065734,
      0.20377304926514625,
      0.19179968759417534,
      0.19067957922816275,
      0.1836359016597271,
      0.18607809096574784,
      0.1821553222835064,
      0.1808193191885948,
      0.17933783084154128,
      0.17707537412643432,
      0.17567956000566481,
      0.17549204751849173,
      0.17400295808911323,
      0.17400828003883362,
      0.17247383296489716,
      0.17165203839540483,
      0.1708647072315216,
      0.17088497504591943,
      0.1705505892634392,
      0.17082946375012398,
      0.17016254141926765,
      0.17010986506938935,
      0.17004167512059212,
      0.1705099768936634,
      0.16956376656889915,
      0.1704254612326622,
      0.16931958496570587,
      0.1702678307890892,
      0.17008468583226205,
      0.16991424337029457,
      0.17022046968340873,
      0.16990284621715546,
      0.17037733122706414,
      0.16949664130806924,
      0.1703321434557438,
      0.1700645424425602,
      0.1698762632906437,
      0.16963007003068925,
      0.16934751123189926,
      0.16910971328616142,
      0.16916795894503595,
      0.1690685324370861,
      0.16856157332658767,
      0.1684975378215313
    ],
    "train_accuracy": [
      0.248,
      0.503,
      0.635,
      0.755,
      0.892,
      0.927,
      0.945,
      0.957,
      0.962,
      0.968,
      0.975,
      0.979,
      0.982,
      0.983,
      0.985,
      0.986,
      0.987,
      0.987,
      0.987,
      0.987,
      0.987,
      0.988,
      0.989,
      0.99,
      0.991,
      0.991,
      0.991,
      0.991,
      0.991,
      0.991,
      0.991,
      0.991,
      0.991,
      0.992,
      0.992,
      0.992,
      0.992,
      0.992,
      0.992,
      0.992,
      0.993,
      0.993,
      0.993,
      0.993,
      0.993,
      0.993,
      0.993,
      0.993,
      0.993,
      0.993
    ],
    "test_accuracy": [
      0.416,
      0.5467,
      0.6447,
      0.7616,
      0.8403,
      0.8516,
      0.8642,
      0.8661,
      0.874,
      0.8721,
      0.8762,
      0.876,
      0.879,
      0.8792,
      0.881,
      0.883,
      0.8817,
      0.8835,
      0.884,
      0.8834,
      0.885,
      0.884,
      0.8847,
      0.8841,
      0.8842,
      0.8841,
      0.8843,
      0.8848,
      0.8841,
      0.8843,
      0.8852,
      0.8846,
      0.8853,
      0.8845,
      0.8845,
      0.8849,
      0.8847,
      0.8851,
      0.8847,
      0.8859,
      0.8851,
      0.8852,
      0.8862,
      0.8863,
      0.8867,
      0.8863,
      0.8868,
      0.887,
      0.887,
      0.8869
    ],
    "grad_norms": [
      1.0738779315175822,
      0.8438066135211983,
      0.8643564313195804,
      0.8936538104186103,
      0.9005463837447207,
      0.8604134516003006,
      0.6912566018391776,
      0.6110693057994517,
      0.546963920516795,
      0.4951359172020413,
      0.46034651387198655,
      0.3967111631861394,
      0.3828869154138071,
      0.327846271612098,
      0.2940040813017254,
      0.2266660925340248,
      0.2165949064108698,
      0.1924993722042512,
      0.1689576464580108,
      0.1594174746619697,
      0.15306268155907868,
      0.1456329804584379,
      0.14331408687201727,
      0.14179179309408957,
      0.12305763543314191,
      0.12643440596908292,
      0.12186485643466974,
      0.11679224531565843,
      0.08835375073344659,
      0.08329145022399935,
      0.07876208688366042,
      0.07721933101018244,
      0.07329664371769859,
      0.07011636603443254,
      0.06993151357363141,
      0.07149310580565486,
      0.06804025266367147,
      0.06461300560825012,
      0.06750279520252592,
      0.07045613328083634,
      0.06750508608356769,
      0.06892845400664127,
      0.0593951153136234,
      0.05575350225130707,
      0.05366006762888943,
      0.049660940443816776,
      0.04834880558316603,
      0.04794356170287793,
      0.047776009948662254,
      0.04712253707678654
    ],
    "epochs": [
      1,
      2,
      3,
      4,
      5,
      6,
      7,
      8,
      9,
      10,
      11,
      12,
      13,
      14,
      15,
      16,
      17,
      18,
      19,
      20,
      21,
      22,
      23,
      24,
      25,
      26,
      27,
      28,
      29,
      30,
      31,
      32,
      33,
      34,
      35,
      36,
      37,
      38,
      39,
      40,
      41,
      42,
      43,
      44,
      45,
      46,
      47,
      48,
      49,
      50
    ]
  },
  "ce_history": {
    "train_loss": [
      1.900226547241211,
      0.6686377573013306,
      0.3808462700843811,
      0.24890538942813872,
      0.17899688589572907,
      0.1339061346054077,
      0.09927527159452439,
      0.07190630400180817,
      0.05345205090939999,
      0.042304238379001616,
      0.033558679819107054,
      0.027815958738327026,
      0.023625143468379975,
      0.020517504185438157,
      0.017956788763403893,
      0.015439036339521407,
      0.013900197505950928,
      0.012531489148736,
      0.011347685351967812,
      0.010423959024250508,
      0.00950474525243044,
      0.008838008895516395,
      0.008211247444152832,
      0.00774271821975708,
      0.007272691242396831,
      0.006806691162288189,
      0.006501993648707866,
      0.006091785427182913,
      0.005765613559633493,
      0.00549609375372529,
      0.0052583188991993665,
      0.0050157876014709476,
      0.004799314983189106,
      0.0045807266216725115,
      0.004403503887355328,
      0.004256008621305227,
      0.004071756839752198,
      0.003934467319399119,
      0.0037957549169659616,
      0.003651997569948435,
      0.003539391515776515,
      0.003407084472477436,
      0.003297745702788234,
      0.0031998233776539564,
      0.003117873668670654,
      0.0030031428318470716,
      0.0029141368884593247,
      0.0028470907174050807,
      0.0027626152019947768,
      0.00268758487328887
    ],